species,lvlmin,lvlmax,rate,score
SPECIES_CATERPIE,7,20,96,60
SPECIES_WEEDLE,7,20,92,60
SPECIES_WURMPLE,7,20,88,60
SPECIES_KRICKETOT,7,20,84,60
SPECIES_COMBEE,7,20,80,60
SPECIES_BURMY,7,20,76,60
SPECIES_PARAS,7,20,72,60
SPECIES_METAPOD,9,20,70,60
SPECIES_KAKUNA,9,20,68,60
SPECIES_VENONAT,8,20,66,60
SPECIES_SPINARAK,8,20,64,60
SPECIES_LEDYBA,8,20,62,60
SPECIES_PINECO,8,20,60,60
SPECIES_SURSKIT,8,20,58,60
SPECIES_NINCADA,8,20,56,60
SPECIES_SILCOON,9,20,54,60
SPECIES_CASCOON,9,20,52,60
SPECIES_VOLBEAT,10,22,50,60
SPECIES_ILLUMISE,10,22,48,60
SPECIES_SKORUPI,10,22,46,60
SPECIES_ANORITH,10,22,44,60
SPECIES_BUTTERFREE,12,24,42,80
SPECIES_BEEDRILL,12,24,40,80
SPECIES_PARASECT,12,24,38,80
SPECIES_VENOMOTH,12,24,36,80
SPECIES_LEDIAN,12,24,34,80
SPECIES_ARIADOS,12,24,32,80
SPECIES_YANMA,12,24,30,80
SPECIES_FORRETRESS,12,24,28,80
SPECIES_BEAUTIFLY,12,24,26,80
SPECIES_DUSTOX,12,24,24,80
SPECIES_MASQUERAIN,12,24,22,80
SPECIES_ARMALDO,14,26,20,80
SPECIES_KRICKETUNE,12,24,18,80
SPECIES_WORMADAM,12,24,16,80
SPECIES_MOTHIM,12,24,14,80
SPECIES_VESPIQUEN,12,24,12,80
SPECIES_WORMADAM_SANDY,12,24,10,80
SPECIES_WORMADAM_TRASH,12,24,8,80
SPECIES_SCYTHER,15,30,7,100
SPECIES_PINSIR,15,30,6,100
SPECIES_SCIZOR,18,32,5,100
SPECIES_SHUCKLE,15,30,4,100
SPECIES_HERACROSS,15,30,3,100
SPECIES_SHEDINJA,18,32,2,100
SPECIES_YANMEGA,18,32,1,100
SPECIES_NINJASK,18,32,0,100
